id,name
1,Micah Das
2,Zara Wright
3,Jayden Reed
4,Samira Mitchell
5,Isla Thomas
6,Celine Smith
7,Asha Anderson
8,Isaac Ndlovu
9,Lucas Sato
10,Max Nelson
11,Naomi Cohen
12,Rosa Rahman
13,Nia Allen
14,Talia Hall
15,Liam Iyer
16,Julian Wilson
17,Malik Stewart
18,Mason Tanaka
19,Chloe Phillips
20,Soraya Carter
21,Owen Rossi
22,Kofi Perez
23,Sofia Mbeki
24,Lina Diaz
25,Hugo Costa
26,Lucia Garcia
27,Nikhil Ivanov
28,Sebastian Osei
29,Mateo Moore
30,Ethan Park
31,Hana White
32,Noor Campbell
33,Thomas Sanchez
34,Felix Ahmed
35,Omar Chen
36,Ezra Martin
37,Elena Brown
38,Noah Wang
39,Kai Roberts
40,Nora Bennett
41,Arthur Yilmaz
42,Diego Kim
43,Mila Muller
44,Yusuf Bell
45,Aaliyah Khan
46,Andre Nguyen
47,Freya Green
48,Sienna Clark
49,Amina Young
50,Aya Kaur
51,Grace Baker
51,Grace Baker
51,Elliott Rundel
52,Mina Murphy
53,Akira Morris
54,Anika Walker
55,Arjun Adebayo
56,Finn Lee
57,Clara Turner
58,Sana Collins
59,Rina Yamamoto
60,Ivy Rodriguez
61,Fatima Adams
62,Daniel Johnson
63,Amara Rogers
64,William Dubois
65,Ibrahim Hernandez
66,Ravi Williams
67,Nolan Singh
68,Mariam Harris
69,Leo Cook
70,Jasper Morgan
71,Oscar Bailey
72,Victor Silva
73,Gabriel Li
74,Lara Mensah
75,Emilia Okafor
76,Adrian Ali
77,Elijah Zhou
78,Eleni Kowalski
79,Priya Scott
80,Rafael Abdi
81,Benjamin Patel
82,Theo Fernandez
83,Tariq Evans
84,Imani Malik
85,Oliver Torres
86,Dante Choudhury
87,Maya Taylor
88,Layla Santos
89,Esme King
90,Leila Morales
91,Henry Parker
92,Hannah Hassan
93,Ava Edwards
94,Samuel Lopez
95,Zoe Jackson
96,Caleb Nakamura
97,Mei Sharma
98,Keira Lewis
99,Ines Huang
100,Yuna Alvarez